1,1996-03-11,41,05,04,52,30,33
2,1996-03-18,09,39,37,49,43,41
3,1996-03-25,36,30,10,11,29,47
4,1996-04-01,06,59,42,27,01,05
5,1996-04-08,01,19,46,06,16,02
6,1996-04-15,19,40,07,13,22,47
7,1996-04-22,56,38,21,20,03,05
8,1996-04-29,53,17,38,04,47,37
9,1996-05-06,55,43,56,54,08,60
10,1996-05-13,25,04,18,57,21,38
11,1996-05-20,25,15,58,37,59,38
12,1996-05-27,20,27,43,16,19,04
13,1996-06-03,47,32,50,54,18,56
14,1996-06-10,16,02,27,47,23,53
15,1996-06-17,60,12,33,52,35,51
16,1996-06-24,60,58,49,32,20,34
17,1996-07-01,10,20,06,19,51,13
18,1996-07-08,37,36,56,27,42,23
19,1996-07-15,05,25,12,10,60,24
20,1996-07-22,25,28,30,33,51,11
21,1996-07-29,49,46,06,53,33,36
22,1996-08-05,09,38,56,01,31,46
23,1996-08-12,17,52,51,59,39,37
24,1996-08-19,01,08,14,28,33,43
25,1996-08-25,56,50,55,54,24,43
26,1996-09-01,50,53,57,10,58,22
27,1996-09-08,44,33,13,51,17,20
28,1996-09-15,60,06,22,03,24,54
29,1996-09-22,14,56,58,08,43,03
30,1996-09-29,38,50,07,29,15,14
31,1996-10-06,56,19,28,48,17,45
32,1996-10-13,43,33,14,36,05,44
33,1996-10-20,05,33,49,17,42,39
34,1996-10-27,15,13,57,53,40,17
35,1996-11-03,21,57,16,23,54,04
36,1996-11-10,13,03,51,17,29,25
37,1996-11-17,22,06,07,52,38,60
38,1996-11-24,55,42,10,43,45,54
39,1996-12-01,16,37,45,52,56,12
40,1996-12-08,03,12,46,05,47,08
41,1996-12-15,38,26,35,39,12,47
42,1996-12-22,24,36,19,33,07,11
43,1996-12-29,02,58,25,06,26,17
44,1997-01-05,47,38,18,14,29,44
45,1997-01-12,30,07,37,55,44,53
46,1997-01-19,32,46,01,60,24,23
47,1997-01-26,35,17,03,48,25,56
48,1997-02-02,47,05,34,28,02,50
49,1997-02-09,33,07,43,35,13,55
50,1997-02-16,57,44,21,16,58,06
51,1997-02-23,23,24,42,25,17,47
52,1997-03-02,58,15,59,30,38,46
53,1997-03-09,42,13,03,46,38,16
54,1997-03-16,05,21,09,56,18,36
55,1997-03-23,29,02,14,38,23,52
56,1997-03-30,51,35,59,07,20,02
57,1997-04-06,27,17,16,34,07,59
58,1997-04-13,30,49,27,37,12,44
59,1997-04-20,28,13,34,02,08,54
60,1997-04-27,38,14,21,15,03,20
61,1997-05-04,59,08,18,29,42,44
62,1997-05-11,52,13,06,24,08,31
63,1997-05-18,26,09,41,49,25,40
64,1997-05-25,08,54,50,60,23,12
65,1997-06-01,20,01,05,32,25,34
66,1997-06-08,15,26,12,33,48,13
67,1997-06-15,47,14,27,52,17,12
68,1997-06-22,53,13,03,01,12,59
69,1997-06-29,56,58,34,53,25,45
70,1997-07-06,40,17,23,43,27,58
71,1997-07-13,53,16,45,43,33,27
72,1997-07-20,19,48,43,01,34,44
73,1997-07-27,57,25,45,28,51,26
74,1997-08-03,02,24,34,50,38,37
75,1997-08-10,36,49,37,35,24,21
76,1997-08-17,33,18,23,08,17,53
77,1997-08-24,29,54,40,57,49,21
78,1997-08-31,22,32,46,12,25,31
79,1997-09-07,43,25,02,13,31,17
80,1997-09-14,51,40,37,23,48,28
81,1997-09-21,47,41,10,60,54,23
82,1997-09-28,51,36,53,29,18,15
83,1997-10-05,24,16,04,42,57,15
84,1997-10-12,10,34,04,06,25,40
85,1997-10-19,47,15,30,37,45,06
86,1997-10-26,54,21,06,34,36,22
87,1997-11-02,40,04,28,32,11,05
88,1997-11-09,45,37,29,04,43,18
89,1997-11-16,59,42,34,13,44,55
90,1997-11-23,21,26,40,54,09,52
91,1997-11-30,60,04,10,35,39,02
92,1997-12-07,05,23,51,03,01,24
93,1997-12-14,22,53,31,28,02,36
94,1997-12-21,28,51,55,18,52,08
95,1997-12-28,46,60,06,40,50,45
96,1998-01-04,04,42,58,26,07,40
97,1998-01-11,56,53,11,14,05,35
98,1998-01-18,43,33,14,31,35,13
99,1998-01-25,30,33,24,11,46,60
100,1998-02-01,46,48,30,14,29,51
101,1998-02-08,39,01,37,31,29,18
102,1998-02-15,44,42,37,56,19,20
103,1998-02-22,09,01,57,07,54,49
104,1998-03-01,13,01,38,21,52,04
105,1998-03-08,03,13,31,43,46,49
106,1998-03-15,24,16,38,05,39,35
107,1998-03-22,02,24,52,04,16,51
108,1998-03-29,60,29,34,24,21,59
109,1998-04-04,54,13,44,49,48,01
110,1998-04-11,57,58,18,31,43,52
111,1998-04-18,52,32,04,33,25,22
112,1998-04-25,37,43,34,20,12,42
113,1998-05-02,34,54,26,28,55,07
114,1998-05-09,47,54,18,06,12,37
115,1998-05-16,06,14,24,20,04,38
116,1998-05-23,36,42,32,05,13,51
117,1998-05-30,53,42,27,20,33,25
118,1998-06-06,22,57,37,09,25,56
119,1998-06-13,47,21,01,50,36,38
120,1998-06-20,46,45,16,40,27,03
121,1998-06-27,53,41,44,02,29,55
122,1998-07-04,20,43,39,11,53,17
123,1998-07-11,13,42,16,32,14,26
124,1998-07-18,52,05,34,57,15,41
125,1998-07-25,56,47,25,59,53,41
126,1998-08-01,32,28,06,10,11,40
127,1998-08-08,59,21,51,54,29,50
128,1998-08-15,23,43,03,21,09,18
129,1998-08-22,46,54,10,09,01,32
130,1998-08-29,13,42,38,49,53,29
131,1998-09-05,30,09,17,27,04,44
132,1998-09-12,44,35,50,41,09,07
133,1998-09-19,19,57,06,39,34,05
134,1998-09-26,60,32,25,36,52,04
135,1998-10-03,35,40,21,59,53,22
136,1998-10-10,17,25,45,38,01,59
137,1998-10-17,26,15,16,22,19,49
138,1998-10-24,41,14,37,05,40,27
139,1998-10-31,26,27,13,42,41,03
140,1998-11-07,55,31,46,44,41,07
141,1998-11-14,10,22,42,13,41,58
142,1998-11-21,20,59,19,54,15,08
143,1998-11-28,40,18,06,20,50,53
144,1998-12-05,08,32,44,36,45,55
145,1998-12-12,43,15,41,51,16,31
146,1998-12-19,51,34,25,60,42,32
147,1998-12-24,24,06,38,23,28,16
148,1998-12-31,32,55,59,41,58,35
149,1999-01-09,11,45,48,07,28,20
150,1999-01-16,50,44,12,55,52,54
151,1999-01-23,03,43,16,56,52,20
152,1999-01-30,12,05,15,51,58,29
153,1999-02-06,47,02,31,42,45,30
154,1999-02-13,08,10,24,33,45,48
155,1999-02-20,12,32,44,43,35,30
156,1999-02-27,52,23,42,17,55,49
157,1999-03-06,17,13,04,44,41,21
158,1999-03-13,58,43,51,14,17,04
159,1999-03-20,16,09,50,58,11,35
160,1999-03-27,13,42,52,58,02,54
161,1999-04-03,25,37,30,39,06,41
162,1999-04-10,23,33,51,38,48,21
163,1999-04-17,41,56,27,36,53,08
164,1999-04-24,04,19,14,10,44,28
165,1999-05-01,39,56,19,23,10,35
166,1999-05-08,60,57,59,13,12,22
167,1999-05-15,01,38,48,28,11,33
168,1999-05-22,45,02,35,09,50,31
169,1999-05-29,52,51,37,13,21,01
170,1999-06-05,07,51,55,41,58,46
171,1999-06-12,54,27,04,43,40,46
172,1999-06-19,49,36,14,26,35,10
173,1999-06-26,29,28,49,17,42,50
174,1999-07-03,11,52,22,23,36,59
175,1999-07-10,10,20,13,01,42,50
176,1999-07-17,28,04,01,45,53,03
177,1999-07-24,35,22,39,41,59,38
178,1999-07-31,05,27,19,26,15,33
179,1999-08-07,06,53,05,26,27,23
180,1999-08-14,39,06,29,60,51,23
181,1999-08-21,33,01,55,35,51,27
182,1999-08-28,46,60,05,10,28,03
183,1999-09-04,16,11,07,40,44,02
184,1999-09-11,09,60,21,16,41,34
185,1999-09-18,59,17,22,46,43,55
186,1999-09-25,24,26,51,25,14,23
187,1999-10-02,06,44,58,41,36,48
188,1999-10-10,34,42,43,46,27,17
189,1999-10-16,41,53,38,04,31,15
190,1999-10-24,32,40,42,21,10,05
191,1999-10-31,58,05,41,03,01,23
192,1999-11-06,01,60,26,41,28,54
193,1999-11-13,12,04,11,49,43,19
194,1999-11-20,32,42,43,25,28,33
195,1999-11-27,17,03,44,37,09,32
196,1999-12-04,32,17,09,14,24,07
197,1999-12-11,19,52,29,15,12,05
198,1999-12-18,40,23,01,18,35,08
199,1999-12-24,52,37,57,16,10,50
200,1999-12-31,12,15,44,34,51,19
201,2000-01-08,55,22,05,30,35,20
202,2000-01-15,49,53,44,12,24,45
203,2000-01-22,11,55,44,19,29,47
204,2000-01-29,31,41,51,39,58,29
205,2000-02-05,26,32,54,43,46,40
206,2000-02-12,20,26,56,18,34,51
207,2000-02-19,19,07,03,55,24,53
208,2000-02-26,23,15,57,24,47,25
209,2000-03-04,13,52,32,41,21,26
210,2000-03-11,37,58,20,38,48,32
211,2000-03-18,10,20,40,45,50,33
212,2000-03-25,29,57,15,45,59,06
213,2000-04-01,03,30,09,35,23,32
214,2000-04-08,30,12,06,50,35,31
215,2000-04-15,07,58,28,53,37,46
216,2000-04-22,35,42,59,18,30,14
217,2000-04-29,27,32,03,51,49,45
218,2000-05-06,54,40,42,17,47,12
219,2000-05-13,26,23,49,28,42,36
220,2000-05-20,36,53,55,13,60,14
221,2000-05-27,54,13,58,43,50,27
222,2000-06-03,05,48,30,55,52,19
223,2000-06-10,28,24,22,02,58,06
224,2000-06-17,20,16,18,07,44,21
225,2000-06-24,21,16,04,37,02,58
226,2000-07-01,02,50,59,38,49,01
227,2000-07-08,37,26,27,42,11,48
228,2000-07-15,16,40,45,59,43,13
229,2000-07-22,39,45,11,21,33,13
230,2000-07-29,56,44,41,40,08,53
231,2000-08-05,16,59,27,42,44,36
232,2000-08-12,29,19,41,22,37,59
233,2000-08-19,45,03,24,36,07,32
234,2000-08-26,15,45,54,25,42,41
235,2000-09-02,29,41,55,02,31,22
236,2000-09-09,10,52,50,57,25,60
237,2000-09-16,36,07,45,31,56,57
238,2000-09-23,15,09,41,13,37,42
239,2000-09-30,33,21,44,46,47,06
240,2000-10-07,59,28,25,41,57,38
241,2000-10-14,11,57,40,35,56,31
242,2000-10-21,22,07,04,21,28,56
243,2000-10-28,20,47,23,32,16,11
244,2000-11-04,19,60,50,24,47,33
245,2000-11-11,44,51,27,53,08,60
246,2000-11-18,02,57,32,43,16,37
247,2000-11-25,34,03,30,10,23,46
248,2000-12-02,56,16,34,41,35,32
249,2000-12-09,21,55,54,40,36,49
250,2000-12-16,55,25,41,42,43,07
251,2000-12-23,34,15,23,55,49,30
252,2000-12-30,17,54,04,51,32,26
253,2001-01-06,12,11,56,44,24,37
254,2001-01-13,04,30,56,21,22,01
255,2001-01-20,32,44,55,19,20,16
256,2001-01-27,21,52,34,26,02,32
257,2001-02-03,28,05,01,34,04,19
258,2001-02-10,12,60,54,07,55,50
259,2001-02-17,20,43,33,13,15,58
260,2001-02-24,43,04,60,59,06,33
261,2001-03-03,05,54,20,56,30,16
262,2001-03-10,53,60,48,20,58,11
263,2001-03-17,08,50,26,09,53,43
264,2001-03-24,05,25,31,13,01,33
265,2001-03-31,07,50,53,16,41,34
266,2001-04-07,38,54,48,23,02,46
267,2001-04-14,58,01,45,55,08,46
268,2001-04-21,21,10,47,06,05,33
269,2001-04-28,19,18,52,25,17,49
270,2001-05-05,45,27,35,40,05,09
271,2001-05-12,14,31,54,29,26,24
272,2001-05-19,36,58,09,10,56,24
273,2001-05-26,47,52,10,27,23,17
274,2001-06-02,11,39,47,18,13,26
275,2001-06-09,16,30,19,38,48,37
276,2001-06-16,53,59,39,45,22,57
277,2001-06-23,40,26,38,04,56,52
278,2001-06-30,22,10,18,55,15,31
279,2001-07-07,31,59,04,58,23,47
280,2001-07-14,05,16,30,25,58,20
281,2001-07-21,11,05,47,31,53,38
282,2001-07-28,33,24,36,09,14,23
283,2001-08-01,48,34,28,54,25,42
284,2001-08-04,08,36,14,32,30,07
285,2001-08-08,50,56,41,12,32,37
286,2001-08-11,44,37,56,29,47,35
287,2001-08-15,60,47,03,33,25,13
288,2001-08-18,50,09,18,11,06,17
289,2001-08-22,36,06,30,20,07,25
290,2001-08-25,57,30,07,25,40,26
291,2001-08-29,22,16,05,41,18,17
292,2001-09-01,24,34,53,45,23,13
293,2001-09-05,06,12,35,05,28,07
294,2001-09-08,28,45,41,22,57,25
295,2001-09-12,24,44,07,31,12,50
296,2001-09-15,20,51,42,03,52,46
297,2001-09-19,20,28,41,01,33,36
298,2001-09-22,22,34,24,23,05,60
299,2001-09-26,07,05,02,53,33,49
300,2001-09-29,27,57,41,38,28,24
301,2001-10-03,58,26,49,57,48,09
302,2001-10-06,25,40,12,60,30,41
303,2001-10-10,07,13,30,37,47,17
304,2001-10-13,42,07,11,34,59,41
305,2001-10-17,11,05,27,60,38,53
306,2001-10-20,30,19,57,41,56,47
307,2001-10-24,26,17,13,41,16,44
308,2001-10-27,55,25,04,11,29,39
309,2001-10-31,39,50,25,55,11,04
310,2001-11-03,28,14,29,02,31,32
311,2001-11-07,32,22,24,41,30,38
312,2001-11-10,14,30,50,41,47,23
313,2001-11-14,14,38,53,24,16,37
314,2001-11-17,05,32,40,58,37,34
315,2001-11-21,50,21,43,12,28,22
316,2001-11-24,28,51,56,06,24,43
317,2001-11-28,27,20,48,16,30,35
318,2001-12-01,19,53,40,03,31,20
319,2001-12-05,12,16,23,17,19,48
320,2001-12-08,20,53,47,50,22,27
321,2001-12-12,11,31,32,48,49,04
322,2001-12-15,18,11,29,44,47,56
323,2001-12-19,31,49,54,33,26,40
324,2001-12-22,22,08,30,15,47,25
325,2001-12-29,04,23,03,01,21,53
326,2002-01-05,52,23,40,51,44,21
327,2002-01-09,46,38,29,33,32,48
328,2002-01-12,51,05,23,07,14,21
329,2002-01-16,24,11,40,12,35,10
330,2002-01-19,02,04,23,37,14,51
331,2002-01-23,27,01,35,20,37,13
332,2002-01-26,28,23,42,29,44,34
333,2002-01-30,35,27,53,44,52,04
334,2002-02-02,41,26,51,14,24,23
335,2002-02-06,43,33,57,23,59,07
336,2002-02-09,02,18,54,22,30,26
337,2002-02-16,31,52,14,54,16,04
338,2002-02-20,48,46,09,01,36,04
339,2002-02-23,13,16,12,05,27,50
340,2002-02-27,10,60,42,09,33,12
341,2002-03-02,56,23,22,43,16,05
342,2002-03-06,29,49,54,51,16,34
343,2002-03-09,04,06,07,24,12,41
344,2002-03-13,33,36,12,35,10,14
345,2002-03-16,56,11,58,46,51,22
346,2002-03-20,56,07,46,60,41,12
347,2002-03-23,26,10,52,01,12,48
348,2002-03-27,39,40,33,52,19,30
349,2002-03-30,09,38,32,08,54,28
350,2002-04-03,23,30,43,10,15,57
351,2002-04-06,15,16,59,60,24,41
352,2002-04-10,49,07,47,25,20,44
353,2002-04-13,60,46,30,55,23,19
354,2002-04-17,40,52,38,16,07,41
355,2002-04-20,02,37,22,60,14,23
356,2002-04-24,54,19,05,58,56,21
357,2002-04-27,45,53,32,02,30,35
358,2002-05-04,40,42,32,12,21,17
359,2002-05-08,31,54,20,29,13,19
360,2002-05-11,47,24,29,55,53,23
361,2002-05-15,41,28,45,31,16,59
362,2002-05-18,37,20,33,46,07,56
363,2002-05-22,39,54,29,49,47,19
364,2002-05-25,59,44,29,05,51,57
365,2002-05-29,52,19,34,37,58,23
366,2002-06-01,06,04,51,07,21,15
367,2002-06-05,52,49,27,33,12,10
368,2002-06-08,13,50,38,32,44,29
369,2002-06-12,21,42,01,60,35,14
370,2002-06-15,51,42,04,54,01,40
371,2002-06-19,23,33,39,04,60,18
372,2002-06-22,24,17,46,57,16,39
373,2002-06-26,31,33,24,10,05,01
374,2002-06-29,54,02,26,05,44,16
375,2002-07-03,51,09,42,05,58,01
376,2002-07-06,25,13,10,43,35,48
377,2002-07-10,46,19,03,45,12,27
378,2002-07-13,55,45,48,41,05,38
379,2002-07-17,41,55,24,59,33,40
380,2002-07-20,47,22,13,30,31,57
381,2002-07-24,09,56,46,28,10,55
382,2002-07-27,54,38,53,31,37,34
383,2002-07-31,48,22,53,56,50,14
384,2002-08-03,28,50,47,24,40,52
385,2002-08-07,22,12,24,18,05,16
386,2002-08-10,39,54,43,36,17,35
387,2002-08-14,29,28,48,47,43,22
388,2002-08-17,52,48,53,58,23,36
389,2002-08-21,46,14,54,18,43,05
390,2002-08-24,07,22,34,12,38,53
391,2002-08-28,07,15,35,16,40,04
392,2002-08-31,49,47,39,31,15,23
393,2002-09-04,12,50,36,06,35,40
394,2002-09-07,15,49,42,05,45,35
395,2002-09-11,11,58,31,14,10,20
396,2002-09-14,47,18,06,45,34,42
397,2002-09-18,32,24,02,05,01,46
398,2002-09-21,28,07,16,37,36,22
399,2002-09-25,59,55,16,27,47,11
400,2002-09-28,29,59,13,10,54,28
401,2002-10-02,50,18,44,53,11,43
402,2002-10-05,27,43,58,05,16,56
403,2002-10-09,46,31,07,16,60,27
404,2002-10-12,24,38,58,01,40,28
405,2002-10-16,57,60,34,24,29,47
406,2002-10-19,47,32,48,12,38,02
407,2002-10-23,49,02,18,51,22,57
408,2002-10-26,49,44,33,28,56,14
409,2002-10-30,26,49,25,18,31,34
410,2002-11-02,31,55,36,24,08,38
411,2002-11-06,10,56,12,31,45,38
412,2002-11-09,45,05,14,21,59,12
413,2002-11-13,35,53,29,33,02,04
414,2002-11-16,35,26,58,52,45,16
415,2002-11-20,38,44,04,01,27,42
416,2002-11-23,13,01,23,56,54,33
417,2002-11-27,25,07,12,21,42,34
418,2002-11-30,45,08,32,49,15,52
419,2002-12-04,41,42,52,53,16,09
420,2002-12-07,43,12,59,30,57,29
421,2002-12-11,38,45,35,37,05,51
422,2002-12-14,60,12,56,37,55,43
423,2002-12-18,08,22,33,40,32,53
424,2002-12-21,29,36,27,18,59,46
425,2002-12-28,06,16,10,34,47,42
426,2003-01-04,07,32,54,50,30,37
427,2003-01-08,51,13,43,24,03,14
428,2003-01-11,60,08,32,28,46,30
429,2003-01-15,55,32,17,36,26,43
430,2003-01-18,50,21,10,25,38,08
431,2003-01-22,58,26,40,37,47,52
432,2003-01-25,50,17,13,27,04,39
433,2003-01-29,36,17,28,16,54,30
434,2003-02-01,24,17,04,54,30,10
435,2003-02-05,37,11,17,31,43,10
436,2003-02-08,01,06,57,29,48,07
437,2003-02-12,54,10,59,44,30,07
438,2003-02-15,38,48,14,03,11,05
439,2003-02-19,42,13,20,29,43,57
440,2003-02-22,46,23,30,47,05,03
441,2003-02-26,02,15,58,10,59,21
442,2003-03-01,15,31,23,06,59,37
443,2003-03-08,11,36,17,26,52,48
444,2003-03-12,48,52,57,24,03,33
445,2003-03-15,31,50,07,53,32,20
446,2003-03-19,11,20,08,47,12,17
447,2003-03-22,24,55,15,33,25,42
448,2003-03-26,05,03,52,45,09,51
449,2003-03-29,34,56,24,01,49,08
450,2003-04-02,59,51,13,01,09,50
451,2003-04-05,23,18,31,17,53,28
452,2003-04-09,54,11,51,16,36,30
453,2003-04-12,58,52,08,34,20,23
454,2003-04-16,04,17,42,56,46,24
455,2003-04-19,50,15,17,02,14,59
456,2003-04-23,17,40,22,27,33,03
457,2003-04-26,48,15,24,27,17,32
458,2003-04-30,43,53,13,32,34,24
459,2003-05-03,43,17,08,15,49,39
460,2003-05-07,19,55,30,23,37,49
461,2003-05-10,30,17,20,29,15,60
462,2003-05-14,27,48,17,19,26,22
463,2003-05-17,07,18,02,45,03,53
464,2003-05-21,06,33,45,38,24,50
465,2003-05-24,46,31,01,57,22,51
466,2003-05-28,28,16,45,29,30,11
467,2003-05-31,38,21,08,22,18,60
468,2003-06-04,23,06,25,39,51,05
469,2003-06-07,29,47,42,21,13,26
470,2003-06-11,51,58,23,11,08,37
471,2003-06-14,51,59,31,05,36,32
472,2003-06-18,12,03,38,29,51,04
473,2003-06-21,51,07,58,49,23,41
474,2003-06-25,34,03,12,50,32,40
475,2003-06-28,19,06,43,52,08,22
476,2003-07-02,38,43,20,55,17,58
477,2003-07-05,47,34,08,06,18,38
478,2003-07-09,30,08,31,03,21,25
479,2003-07-12,20,54,58,26,41,46
480,2003-07-16,36,38,33,14,49,41
481,2003-07-19,42,06,24,44,22,13
482,2003-07-23,13,56,12,33,53,54
483,2003-07-26,16,23,35,18,44,59
484,2003-07-30,53,19,38,18,17,49
485,2003-08-02,38,28,52,30,19,57
486,2003-08-06,50,42,19,08,30,14
487,2003-08-09,25,22,48,52,54,08
488,2003-08-13,30,39,35,43,15,57
489,2003-08-16,28,36,17,53,33,59
490,2003-08-20,05,11,29,54,23,58
491,2003-08-23,22,43,15,55,09,01
492,2003-08-27,57,02,15,06,56,18
493,2003-08-30,54,20,03,18,42,24
494,2003-09-03,28,32,49,53,18,20
495,2003-09-06,36,15,60,08,29,49
496,2003-09-10,41,20,19,29,59,10
497,2003-09-13,09,41,32,13,58,20
498,2003-09-17,49,28,02,06,57,50
499,2003-09-20,59,01,11,05,44,04
500,2003-09-27,35,21,54,29,38,36
501,2003-10-01,34,27,56,28,16,39
502,2003-10-04,50,07,33,21,24,13
503,2003-10-08,10,21,48,27,49,07
504,2003-10-11,39,19,11,08,50,30
505,2003-10-15,47,20,52,03,46,28
506,2003-10-18,31,37,34,15,38,04
507,2003-10-22,44,58,05,27,33,03
508,2003-10-25,46,56,05,15,45,10
509,2003-10-29,32,55,34,35,28,33
510,2003-11-01,30,45,58,01,04,41
511,2003-11-05,08,36,34,37,03,04
512,2003-11-08,08,40,58,04,53,31
513,2003-11-12,46,10,27,19,33,39
514,2003-11-15,15,52,40,36,51,42
515,2003-11-19,39,16,57,15,45,48
516,2003-11-22,24,05,34,13,35,33
517,2003-11-26,51,32,08,28,38,07
518,2003-11-29,44,08,05,15,18,10
519,2003-12-03,09,36,15,19,42,22
520,2003-12-06,32,34,17,35,09,12
521,2003-12-10,28,32,38,25,15,45
522,2003-12-13,49,52,15,25,14,06
523,2003-12-17,45,58,40,39,28,44
524,2003-12-20,47,29,34,48,19,41
525,2003-12-27,26,32,24,49,08,10
526,2004-01-03,03,59,21,36,55,31
527,2004-01-07,17,14,50,52,06,26
528,2004-01-10,34,28,37,12,08,31
529,2004-01-14,56,45,13,33,38,01
530,2004-01-17,32,21,25,01,06,49
531,2004-01-21,03,01,35,07,18,50
532,2004-01-24,13,04,12,53,09,52
533,2004-01-28,27,18,13,59,21,53
534,2004-01-31,48,57,23,08,31,03
535,2004-02-04,49,14,47,56,06,28
536,2004-02-07,14,22,25,15,37,23
537,2004-02-11,37,03,19,34,39,07
538,2004-02-14,45,43,56,25,52,03
539,2004-02-18,16,50,55,06,47,19
540,2004-02-21,22,04,30,44,28,49
541,2004-02-28,58,57,27,13,49,52
542,2004-03-03,49,04,19,28,35,06
543,2004-03-06,35,54,37,42,49,46
544,2004-03-10,11,33,56,47,17,34
545,2004-03-13,43,35,57,29,40,17
546,2004-03-17,46,04,54,17,13,05
547,2004-03-20,04,59,13,53,28,30
548,2004-03-24,51,49,14,47,59,58
549,2004-03-27,13,51,58,22,46,08
550,2004-03-31,17,56,16,38,39,45
551,2004-04-03,56,48,57,21,12,46
552,2004-04-07,22,54,52,47,49,09
553,2004-04-10,43,46,58,53,54,04
554,2004-04-14,47,29,31,15,60,42
555,2004-04-17,49,05,23,33,45,31
556,2004-04-21,08,45,30,33,17,10
557,2004-04-24,18,49,38,23,08,12
558,2004-04-28,59,57,07,58,31,14
559,2004-05-01,53,25,36,13,17,06
560,2004-05-05,32,18,11,30,02,58
561,2004-05-08,39,49,36,20,55,01
562,2004-05-12,37,35,23,16,57,55
563,2004-05-15,34,08,23,44,51,05
564,2004-05-19,38,13,32,20,10,49
565,2004-05-22,31,37,35,07,45,34
566,2004-05-26,17,06,20,18,13,37
567,2004-05-29,57,58,11,38,41,31
568,2004-06-02,25,41,17,29,13,22
569,2004-06-05,32,15,14,09,03,57
570,2004-06-09,35,32,36,33,51,15
571,2004-06-12,14,31,12,13,51,50
572,2004-06-16,33,03,20,60,09,16
573,2004-06-19,59,29,17,06,40,22
574,2004-06-23,32,23,02,10,44,17
575,2004-06-26,18,29,21,48,35,05
576,2004-06-30,18,43,52,39,07,08
577,2004-07-03,31,47,28,23,08,24
578,2004-07-07,48,03,58,18,56,23
579,2004-07-10,15,34,39,17,04,09
580,2004-07-14,38,16,18,28,15,47
581,2004-07-17,30,25,52,14,39,17
582,2004-07-21,13,40,29,59,45,51
583,2004-07-24,55,06,41,20,43,07
584,2004-07-28,30,53,23,07,32,08
585,2004-07-31,24,39,12,33,57,36
586,2004-08-04,45,38,13,11,54,39
587,2004-08-07,30,02,36,18,60,29
588,2004-08-11,45,13,46,55,53,11
589,2004-08-14,13,07,33,59,06,08
590,2004-08-18,25,51,05,18,04,28
591,2004-08-21,58,03,18,50,34,01
592,2004-08-25,55,14,59,47,13,42
593,2004-08-28,27,29,01,59,25,49
594,2004-09-01,10,53,55,29,13,47
595,2004-09-04,54,02,43,01,50,25
596,2004-09-08,43,60,28,11,54,14
597,2004-09-11,42,40,27,22,56,29
598,2004-09-15,05,16,53,38,50,34
599,2004-09-18,06,45,51,09,23,04
600,2004-09-22,18,39,54,34,31,16
601,2004-09-25,37,19,29,30,10,22
602,2004-09-29,38,60,13,07,55,46
603,2004-10-02,04,08,11,29,12,44
604,2004-10-06,41,49,51,25,15,46
605,2004-10-09,44,52,53,04,49,24
606,2004-10-13,41,06,23,55,32,35
607,2004-10-16,06,59,11,27,19,41
608,2004-10-20,30,06,37,19,24,13
609,2004-10-23,15,02,59,60,06,58
610,2004-10-27,25,49,30,43,47,45
611,2004-10-30,22,21,33,16,48,49
612,2004-11-03,55,33,15,50,53,18
613,2004-11-06,54,55,13,44,06,19
614,2004-11-10,60,31,12,48,57,16
615,2004-11-13,27,31,08,10,51,05
616,2004-11-17,24,16,26,54,12,02
617,2004-11-20,25,05,49,36,33,03
618,2004-11-24,60,10,03,08,24,13
619,2004-11-27,16,12,46,14,08,19
620,2004-12-01,22,01,29,13,32,03
621,2004-12-04,29,31,50,26,57,49
622,2004-12-08,59,27,19,29,50,38
623,2004-12-11,42,23,55,30,09,49
624,2004-12-15,39,23,34,52,08,43
625,2004-12-18,59,12,32,42,24,40
626,2004-12-22,49,08,22,18,07,39
627,2004-12-29,19,13,45,58,56,01
628,2005-01-05,08,16,22,56,58,30
629,2005-01-08,40,47,39,16,51,15
630,2005-01-12,16,53,20,60,12,45
631,2005-01-15,01,28,47,20,44,32
632,2005-01-19,02,54,48,51,19,28
633,2005-01-22,27,46,05,50,11,22
634,2005-01-26,13,41,24,42,10,56
635,2005-01-29,49,42,37,08,20,26
636,2005-02-02,30,32,34,50,28,26
637,2005-02-05,52,58,43,48,11,18
638,2005-02-12,42,10,50,41,11,36
639,2005-02-16,51,39,35,60,45,13
640,2005-02-19,12,42,59,46,19,60
641,2005-02-23,17,13,33,09,01,34
642,2005-02-26,51,17,56,36,44,40
643,2005-03-02,14,45,24,37,40,42
644,2005-03-05,57,29,31,27,34,14
645,2005-03-09,52,48,24,53,54,03
646,2005-03-12,13,47,60,32,49,10
647,2005-03-16,56,19,11,14,12,54
648,2005-03-19,05,48,23,42,45,29
649,2005-03-23,09,54,41,48,33,24
650,2005-03-26,53,59,25,29,10,24
651,2005-03-30,39,45,28,26,48,60
652,2005-04-02,24,18,57,56,10,20
653,2005-04-06,31,24,19,34,09,05
654,2005-04-09,10,11,56,40,41,06
655,2005-04-13,26,39,01,37,43,48
656,2005-04-16,59,37,46,36,35,51
657,2005-04-20,20,59,58,33,60,16
658,2005-04-23,41,20,36,03,11,06
659,2005-04-27,14,29,40,34,51,52
660,2005-04-30,53,05,38,54,46,11
661,2005-05-04,42,40,27,04,55,36
662,2005-05-07,04,60,56,25,18,23
663,2005-05-11,01,49,30,55,27,51
664,2005-05-14,12,01,55,59,38,36
665,2005-05-18,08,47,07,48,25,18
666,2005-05-21,07,26,16,29,45,55
667,2005-05-25,05,23,16,04,49,01
668,2005-05-28,49,33,56,02,14,01
669,2005-06-01,07,41,24,40,49,27
670,2005-06-04,42,59,58,37,48,22
671,2005-06-08,27,16,39,51,09,38
672,2005-06-11,43,34,53,38,28,24
673,2005-06-15,06,40,37,11,20,34
674,2005-06-18,22,32,18,29,42,38
675,2005-06-22,50,42,30,25,43,24
676,2005-06-25,49,32,15,09,41,42
677,2005-06-29,25,10,48,08,32,55
678,2005-07-02,44,46,31,14,40,42
679,2005-07-06,37,21,54,03,58,25
680,2005-07-09,44,02,26,05,03,22
681,2005-07-13,59,21,53,25,58,38
682,2005-07-16,60,37,47,36,04,27
683,2005-07-20,43,40,12,11,02,35
684,2005-07-23,50,37,33,40,19,17
685,2005-07-27,33,27,05,56,12,43
686,2005-07-30,33,05,04,54,15,26
687,2005-08-03,59,48,01,07,41,14
688,2005-08-06,47,30,52,11,21,35
689,2005-08-10,06,60,07,31,49,51
690,2005-08-13,15,41,08,47,12,53
691,2005-08-17,55,16,58,08,37,50
692,2005-08-20,33,18,60,11,58,57
693,2005-08-24,14,50,41,17,31,13
694,2005-08-27,15,19,29,53,37,41
695,2005-08-31,13,40,21,52,06,11
696,2005-09-03,37,16,34,57,53,09
697,2005-09-10,53,35,32,31,28,51
698,2005-09-14,22,08,27,43,55,12
699,2005-09-19,53,17,50,23,54,48
700,2005-09-21,02,03,24,40,31,14
701,2005-09-24,13,01,31,23,60,48
702,2005-09-28,01,56,18,58,45,57
703,2005-10-01,30,24,02,45,11,27
704,2005-10-05,02,27,50,34,18,04
705,2005-10-08,03,15,11,13,26,43
706,2005-10-15,22,10,17,07,02,60
707,2005-10-19,51,08,01,43,10,36
708,2005-10-22,45,13,39,47,09,07
709,2005-10-26,29,22,44,09,06,04
710,2005-10-29,46,25,05,49,39,34
711,2005-11-05,10,05,41,59,40,33
712,2005-11-09,35,07,53,58,08,43
713,2005-11-12,46,01,26,16,12,54
714,2005-11-16,17,53,39,08,07,35
715,2005-11-19,54,36,12,04,33,24
716,2005-11-23,29,02,07,50,16,32
717,2005-11-26,28,35,41,17,06,23
718,2005-11-30,07,35,21,39,58,33
719,2005-12-03,39,47,37,53,32,03
720,2005-12-07,12,56,44,51,31,54
721,2005-12-10,14,03,23,55,36,25
722,2005-12-14,60,36,57,18,44,09
723,2005-12-17,16,06,52,01,36,50
724,2005-12-21,34,51,55,17,48,27
725,2005-12-31,49,09,03,35,37,41
726,2006-01-04,40,47,01,05,07,37
727,2006-01-07,14,42,12,04,59,30
728,2006-01-11,44,42,13,08,24,32
729,2006-01-14,33,56,18,57,43,05
730,2006-01-18,45,15,02,54,16,50
731,2006-01-21,35,06,15,23,28,16
732,2006-01-25,49,19,53,50,17,06
733,2006-01-28,12,26,31,43,46,02
734,2006-02-01,44,45,27,29,43,54
735,2006-02-04,40,42,15,52,38,09
736,2006-02-08,01,21,38,41,56,49
737,2006-02-11,33,12,24,38,11,32
738,2006-02-15,15,30,14,42,26,54
739,2006-02-18,06,45,56,49,35,10
740,2006-02-22,29,47,12,50,16,28
741,2006-02-25,26,39,27,24,59,36
742,2006-03-01,34,17,07,41,02,50
743,2006-03-04,54,20,32,60,25,23
744,2006-03-08,26,46,12,23,39,04
745,2006-03-11,21,57,37,16,43,02
746,2006-03-15,49,12,10,57,25,01
747,2006-03-18,21,23,56,12,03,02
748,2006-03-22,01,07,19,51,35,02
749,2006-03-25,24,47,04,57,48,50
750,2006-03-29,58,17,54,10,42,33
751,2006-04-01,04,25,38,50,20,07
752,2006-04-05,25,04,29,42,24,23
753,2006-04-08,59,35,43,22,07,02
754,2006-04-12,04,42,34,50,03,13
755,2006-04-15,59,30,47,12,04,49
756,2006-04-19,37,50,41,05,38,27
757,2006-04-22,17,32,12,18,58,30
758,2006-04-26,47,59,01,23,36,43
759,2006-04-29,59,39,30,31,48,45
760,2006-05-03,12,17,60,44,46,45
761,2006-05-06,56,29,17,13,27,40
762,2006-05-10,39,09,21,12,37,54
763,2006-05-13,40,47,01,48,09,26
764,2006-05-18,07,03,55,47,53,45
765,2006-05-21,03,37,50,16,30,10
766,2006-05-24,01,50,19,42,24,58
767,2006-05-27,22,50,32,38,54,15
768,2006-05-31,33,37,59,30,04,08
769,2006-06-03,20,21,50,29,12,16
770,2006-06-07,04,34,25,35,48,12
771,2006-06-10,29,46,34,47,21,14
772,2006-06-14,38,51,52,60,10,35
773,2006-06-17,03,05,51,29,34,14
774,2006-06-21,37,05,54,58,46,10
775,2006-06-24,27,12,46,47,42,50
776,2006-06-28,57,35,60,41,03,15
777,2006-07-01,14,50,23,02,28,56
778,2006-07-05,45,20,36,37,31,51
779,2006-07-08,36,54,52,25,29,26
780,2006-07-12,10,50,28,51,59,07
781,2006-07-15,10,54,08,39,56,13
782,2006-07-19,11,23,59,42,35,02
783,2006-07-22,43,21,48,08,04,32
784,2006-07-26,42,56,08,37,27,53
785,2006-07-29,35,05,37,08,48,17
786,2006-08-02,27,31,26,11,10,41
787,2006-08-05,37,31,20,60,34,54
788,2006-08-09,31,57,17,19,29,44
789,2006-08-12,60,39,31,38,06,50
790,2006-08-16,22,02,19,28,43,06
791,2006-08-19,42,35,19,09,14,58
792,2006-08-23,43,56,09,45,29,34
793,2006-08-26,03,51,33,15,16,57
794,2006-08-30,56,47,55,38,42,03
795,2006-09-02,14,36,21,29,26,48
796,2006-09-06,19,24,43,34,39,05
797,2006-09-09,58,48,52,47,12,06
798,2006-09-13,32,09,04,52,29,03
799,2006-09-16,29,35,19,57,42,55
800,2006-09-20,01,07,56,11,37,38
801,2006-09-23,20,22,11,19,48,42
802,2006-09-27,14,24,60,06,18,48
803,2006-09-30,10,57,28,03,05,21
804,2006-10-04,13,59,37,56,03,47
805,2006-10-07,30,02,48,60,43,36
806,2006-10-12,60,41,47,26,35,18
807,2006-10-14,08,27,02,32,56,49
808,2006-10-18,15,21,31,46,02,57
809,2006-10-21,25,23,11,05,30,15
810,2006-10-25,04,33,01,48,05,37
811,2006-10-28,32,57,28,41,10,47
812,2006-11-01,57,39,54,11,38,13
813,2006-11-04,23,15,56,46,09,45
814,2006-11-08,11,02,46,50,08,41
815,2006-11-11,57,50,09,39,37,19
816,2006-11-16,21,47,40,52,30,20
817,2006-11-18,34,43,29,30,10,52
818,2006-11-22,44,41,22,08,09,25
819,2006-11-25,51,05,58,46,25,19
820,2006-11-29,17,45,32,21,10,46
821,2006-12-02,04,29,38,36,33,42
822,2006-12-06,04,17,41,10,27,52
823,2006-12-09,15,26,59,01,54,51
824,2006-12-13,33,48,06,07,20,09
825,2006-12-16,28,21,40,10,41,47
826,2006-12-19,45,06,08,07,53,27
827,2006-12-21,24,56,30,51,42,18
828,2006-12-23,23,50,53,42,28,38
829,2006-12-31,32,50,14,47,10,56
830,2007-01-03,53,51,02,41,13,49
831,2007-01-06,03,50,48,42,32,33
832,2007-01-10,17,49,15,33,39,23
833,2007-01-13,53,58,57,16,46,13
834,2007-01-17,44,10,17,16,51,34
835,2007-01-20,58,31,57,49,33,18
836,2007-01-24,28,22,38,17,52,59
837,2007-01-27,16,05,24,34,06,60
838,2007-01-31,09,30,47,38,23,44
839,2007-02-03,11,18,08,07,37,43
840,2007-02-07,43,29,35,59,31,17
841,2007-02-10,36,51,32,22,38,07
842,2007-02-14,51,44,60,09,07,30
843,2007-02-17,34,48,01,16,45,36
844,2007-02-24,54,24,44,57,34,16
845,2007-02-28,40,48,19,20,14,52
846,2007-03-03,47,54,02,50,03,44
847,2007-03-07,42,14,44,27,15,48
848,2007-03-10,56,34,17,32,47,27
849,2007-03-14,08,39,09,58,44,49
850,2007-03-17,60,22,59,25,44,07
851,2007-03-21,16,32,35,58,19,03
852,2007-03-24,14,38,06,23,44,34
853,2007-03-28,51,30,59,46,38,56
854,2007-03-31,17,03,24,27,44,25
855,2007-04-04,42,03,24,53,43,31
856,2007-04-07,11,40,41,47,15,42
857,2007-04-11,17,59,49,02,03,50
858,2007-04-14,31,37,54,23,04,18
859,2007-04-18,46,47,12,57,34,09
860,2007-04-23,22,08,17,42,44,02
861,2007-04-25,42,40,60,59,47,39
862,2007-04-28,19,35,12,02,11,08
863,2007-05-02,32,53,50,57,15,24
864,2007-05-05,31,11,33,42,57,08
865,2007-05-09,27,23,41,51,26,53
866,2007-05-12,36,48,27,40,05,46
867,2007-05-16,54,26,28,19,44,10
868,2007-05-19,57,51,21,22,25,40
869,2007-05-23,29,42,50,51,49,27
870,2007-05-26,52,08,43,34,40,21
871,2007-05-30,17,05,58,01,47,10
872,2007-06-02,18,55,58,43,31,05
873,2007-06-06,57,59,04,34,19,30
874,2007-06-09,59,20,52,42,44,10
875,2007-06-13,53,18,36,58,24,20
876,2007-06-16,04,12,41,45,60,08
877,2007-06-20,13,15,20,31,28,36
878,2007-06-23,37,12,43,38,11,54
879,2007-06-27,29,10,46,35,42,28
880,2007-06-30,51,30,49,25,37,46
881,2007-07-04,43,24,04,51,18,56
882,2007-07-07,42,45,44,60,41,17
883,2007-07-11,21,37,60,32,52,53
884,2007-07-14,22,11,02,14,39,12
885,2007-07-18,13,04,31,33,47,51
886,2007-07-21,50,55,37,33,59,17
887,2007-07-25,44,12,32,21,01,34
888,2007-07-28,50,24,40,54,52,60
889,2007-08-01,34,54,20,39,60,24
890,2007-08-04,09,21,22,07,17,54
891,2007-08-08,15,22,19,35,34,16
892,2007-08-11,01,49,52,42,19,44
893,2007-08-15,56,53,51,26,18,03
894,2007-08-18,37,24,44,28,20,41
895,2007-08-22,02,55,41,43,57,58
896,2007-08-25,31,11,41,35,22,05
897,2007-08-29,21,57,46,22,07,43
898,2007-09-01,04,08,03,54,45,30
899,2007-09-05,58,18,54,36,53,20
900,2007-09-08,04,21,59,18,38,34
901,2007-09-12,32,34,16,13,56,33
902,2007-09-15,52,55,23,50,58,18
903,2007-09-19,17,05,32,55,20,41
904,2007-09-22,32,44,59,53,48,51
905,2007-09-26,04,15,57,55,02,16
906,2007-09-29,35,39,29,24,07,14
907,2007-10-03,09,41,53,37,36,51
908,2007-10-06,19,01,09,25,50,52
909,2007-10-10,42,17,26,38,28,22
910,2007-10-13,53,29,36,03,15,27
911,2007-10-17,49,46,01,29,06,28
912,2007-10-20,26,21,54,04,19,29
913,2007-10-24,30,14,59,36,46,38
914,2007-10-27,33,51,09,23,45,12
915,2007-10-31,20,28,49,26,17,48
916,2007-11-03,33,37,05,38,28,36
917,2007-11-07,23,59,25,47,46,30
918,2007-11-10,38,44,08,04,12,52
919,2007-11-14,43,25,41,60,31,03
920,2007-11-17,17,57,55,24,52,05
921,2007-11-21,35,41,01,57,09,48
922,2007-11-24,41,49,45,19,13,12
923,2007-11-28,53,39,02,50,57,15
924,2007-12-01,51,27,60,21,20,02
925,2007-12-05,52,37,46,08,22,36
926,2007-12-08,40,41,34,33,21,59
927,2007-12-12,36,26,31,23,19,33
928,2007-12-15,32,10,49,60,04,33
929,2007-12-19,16,49,35,39,57,27
930,2007-12-22,46,20,55,37,28,49
931,2007-12-31,17,34,07,36,39,19
932,2008-01-05,02,21,42,53,36,17
933,2008-01-09,25,39,45,51,08,14
934,2008-01-12,25,48,44,03,21,01
935,2008-01-16,07,45,18,13,29,31
936,2008-01-19,05,33,14,29,44,22
937,2008-01-23,22,41,02,30,21,52
938,2008-01-26,35,15,27,57,50,59
939,2008-01-30,06,23,19,50,37,49
940,2008-02-02,25,33,51,31,05,37
941,2008-02-06,11,15,10,27,60,53
942,2008-02-09,05,52,18,08,59,42
943,2008-02-13,47,41,58,03,23,12
944,2008-02-16,16,58,43,37,52,59
945,2008-02-20,44,08,59,54,04,27
946,2008-02-23,59,01,47,05,52,12
947,2008-02-27,33,11,03,58,14,05
948,2008-03-01,22,44,41,46,52,54
949,2008-03-05,44,01,51,52,41,23
950,2008-03-08,48,59,49,41,42,23
951,2008-03-12,49,24,39,34,55,14
952,2008-03-15,54,11,27,18,02,30
953,2008-03-19,55,48,01,39,16,42
954,2008-03-22,08,05,24,18,57,33
955,2008-03-26,35,05,32,21,33,12
956,2008-03-29,46,51,47,59,54,57
957,2008-04-02,50,32,25,34,57,24
958,2008-04-05,13,22,07,33,51,48
959,2008-04-09,57,03,05,11,33,39
960,2008-04-12,34,06,33,18,53,19
961,2008-04-16,16,53,02,04,21,36
962,2008-04-19,02,48,49,40,55,11
963,2008-04-23,37,17,15,50,48,59
964,2008-04-26,42,13,33,20,08,26
965,2008-04-30,36,39,57,58,05,30
966,2008-05-03,01,58,26,28,04,41
967,2008-05-07,18,14,57,30,13,05
968,2008-05-10,30,04,13,60,51,01
969,2008-05-14,56,35,50,13,41,25
970,2008-05-17,57,34,05,54,28,21
971,2008-05-21,04,14,33,44,11,45
972,2008-05-24,33,18,15,56,31,34
973,2008-05-28,53,36,08,30,01,47
974,2008-05-31,45,20,38,31,16,12
975,2008-06-04,33,09,37,40,41,30
976,2008-06-07,28,53,38,23,14,25
977,2008-06-11,17,03,09,32,07,05
978,2008-06-14,42,58,12,18,16,27
979,2008-06-18,28,03,39,51,31,15
980,2008-06-21,35,17,59,15,36,29
981,2008-06-25,08,41,53,01,58,34
982,2008-06-28,12,24,08,40,43,49
983,2008-07-02,38,45,40,16,32,22
984,2008-07-05,46,20,04,43,47,10
985,2008-07-09,04,56,18,59,46,16
986,2008-07-12,32,06,31,24,15,19
987,2008-07-16,47,27,13,31,34,58
988,2008-07-19,48,17,46,56,60,08
989,2008-07-23,38,21,27,02,29,32
990,2008-07-26,29,18,02,15,10,39
991,2008-07-30,08,38,60,41,15,09
992,2008-08-02,06,08,04,01,25,28
993,2008-08-06,26,25,42,60,05,24
994,2008-08-09,44,40,58,29,03,20
995,2008-08-13,04,54,55,36,16,31
996,2008-08-16,21,23,20,07,29,15
997,2008-08-20,18,53,55,32,09,17
998,2008-08-23,28,21,04,32,03,22
999,2008-08-27,44,36,55,58,18,24
1000,2008-08-30,49,58,53,39,38,29
1001,2008-09-03,15,37,27,12,60,51
1002,2008-09-06,03,31,07,25,40,58
1003,2008-09-10,10,27,23,05,16,26
1004,2008-09-13,45,47,29,40,44,43
1005,2008-09-17,06,41,04,37,12,42
1006,2008-09-20,48,17,04,33,55,02
1007,2008-09-24,49,27,04,36,52,37
1008,2008-09-27,07,15,42,48,34,13
1009,2008-10-01,34,12,01,06,58,29
1010,2008-10-04,02,46,03,37,13,54
1011,2008-10-08,30,02,52,21,11,35
1012,2008-10-11,47,19,58,14,40,55
1013,2008-10-15,07,09,20,41,12,19
1014,2008-10-18,60,57,09,25,08,41
1015,2008-10-22,49,08,28,03,26,17
1016,2008-10-25,11,09,25,05,60,20
1017,2008-10-29,31,51,19,06,56,34
1018,2008-11-01,55,51,58,09,44,24
1019,2008-11-05,29,47,04,13,46,23
1020,2008-11-08,19,32,52,01,02,39
1021,2008-11-12,42,55,51,43,02,33
1022,2008-11-16,31,21,40,39,56,05
1023,2008-11-19,45,40,02,07,18,08
1024,2008-11-22,28,53,18,39,22,29
1025,2008-11-26,52,40,29,27,28,10
1026,2008-11-29,10,33,51,53,06,17
1027,2008-12-03,20,18,47,44,60,33
1028,2008-12-06,54,26,34,51,20,52
1029,2008-12-10,17,05,16,24,20,32
1030,2008-12-13,57,08,54,01,23,37
1031,2008-12-17,49,33,24,40,46,43
1032,2008-12-20,57,43,15,29,26,16
1033,2008-12-24,39,06,05,33,54,17
1034,2008-12-27,20,42,01,03,49,18
1035,2008-12-31,51,60,01,11,59,26
1036,2009-01-03,27,39,36,10,41,52
1037,2009-01-07,56,36,04,44,46,53
1038,2009-01-10,51,07,06,28,35,43
1039,2009-01-14,52,02,20,27,36,24
1040,2009-01-17,44,01,28,55,06,39
1041,2009-01-21,12,10,36,54,44,57
1042,2009-01-24,25,46,51,18,13,30
1043,2009-01-28,25,14,51,48,60,21
1044,2009-01-31,58,10,39,11,13,35
1045,2009-02-04,31,06,05,17,50,01
1046,2009-02-07,57,40,28,42,54,55
1047,2009-02-11,01,02,10,48,14,08
1048,2009-02-14,57,03,38,21,28,16
1049,2009-02-18,34,17,52,05,02,29
1050,2009-02-21,60,14,45,24,33,26
1051,2009-02-25,57,11,07,43,10,13
1052,2009-02-28,08,11,16,15,57,52
1053,2009-03-04,15,42,27,53,34,49
1054,2009-03-07,41,27,13,60,14,18
1055,2009-03-11,27,32,15,12,20,16
1056,2009-03-14,38,08,50,53,59,06
1057,2009-03-18,15,49,59,04,03,02
1058,2009-03-21,20,51,57,45,24,18
1059,2009-03-25,37,01,14,45,12,16
1060,2009-03-28,01,41,03,18,16,42
1061,2009-04-01,09,41,56,23,21,30
1062,2009-04-04,55,08,02,37,23,33
1063,2009-04-08,49,01,22,47,44,50
1064,2009-04-11,28,04,19,16,49,29
1065,2009-04-15,07,57,19,43,39,30
1066,2009-04-18,10,43,49,32,25,06
1067,2009-04-22,14,10,56,25,04,28
1068,2009-04-25,44,48,25,57,27,47
1069,2009-04-29,28,17,49,53,45,09
1070,2009-05-02,41,53,08,23,05,16
1071,2009-05-06,05,37,43,07,53,54
1072,2009-05-09,19,18,54,47,43,09
1073,2009-05-13,44,36,32,08,34,25
1074,2009-05-16,03,47,10,50,29,23
1075,2009-05-20,53,39,16,21,10,12
1076,2009-05-23,32,33,10,19,42,04
1077,2009-05-27,11,06,18,05,37,09
1078,2009-05-30,03,06,45,34,41,43
1079,2009-06-03,36,12,37,24,05,28
1080,2009-06-06,56,11,20,41,34,18
1081,2009-06-10,09,56,29,52,16,24
1082,2009-06-13,04,40,50,17,55,38
1083,2009-06-17,20,28,42,23,10,43
1084,2009-06-20,20,05,29,59,40,33
1085,2009-06-24,39,50,21,12,40,55
1086,2009-06-27,45,04,06,23,10,02
1087,2009-07-01,36,46,28,32,03,20
1088,2009-07-04,24,42,35,31,06,57
1089,2009-07-08,37,48,32,02,18,20
1090,2009-07-11,24,09,40,20,36,42
1091,2009-07-15,27,56,17,24,49,23
1092,2009-07-18,40,30,01,09,33,34
1093,2009-07-22,27,49,38,23,41,19
1094,2009-07-25,10,09,48,36,41,21
1095,2009-07-29,27,23,36,10,21,16
1096,2009-08-01,03,41,52,14,13,16
1097,2009-08-05,21,48,33,01,56,17
1098,2009-08-08,30,20,21,11,50,52
1099,2009-08-12,55,44,38,35,14,31
1100,2009-08-15,41,33,17,18,07,42
1101,2009-08-19,07,12,57,06,24,10
1102,2009-08-22,46,23,09,35,11,51
1103,2009-08-26,41,19,10,28,55,56
1104,2009-08-29,03,35,58,49,02,06
1105,2009-09-02,43,01,50,28,57,15
1106,2009-09-05,04,15,50,60,43,47
1107,2009-09-09,36,20,54,09,03,53
1108,2009-09-12,60,44,07,39,43,09
1109,2009-09-16,11,52,14,06,29,08
1110,2009-09-19,26,45,06,28,42,14
1111,2009-09-23,04,43,25,09,33,32
1112,2009-09-26,04,34,52,32,58,43
1113,2009-09-30,47,36,29,59,03,06
1114,2009-10-03,16,03,22,54,25,15
1115,2009-10-07,44,41,18,50,37,30
1116,2009-10-10,17,20,04,47,09,13
1117,2009-10-14,27,35,40,01,06,17
1118,2009-10-17,55,44,08,20,43,21
1119,2009-10-21,44,54,41,45,34,10
1120,2009-10-24,50,55,07,35,44,40
1121,2009-10-28,18,04,59,54,56,17
1122,2009-10-31,49,44,56,26,46,55
1123,2009-11-04,19,04,39,14,45,60
1124,2009-11-07,49,11,07,18,16,33
1125,2009-11-11,07,42,56,29,33,03
1126,2009-11-14,59,31,57,04,52,42
1127,2009-11-18,24,08,14,05,29,30
1128,2009-11-21,60,08,39,52,24,16
1129,2009-11-25,47,19,17,12,32,55
1130,2009-11-28,23,49,32,54,18,05
1131,2009-12-02,49,34,36,01,16,08
1132,2009-12-05,52,30,27,12,55,33
1133,2009-12-09,16,05,58,39,10,21
1134,2009-12-12,29,36,56,22,09,51
1135,2009-12-16,05,04,19,39,06,23
1136,2009-12-19,07,31,32,37,43,34
1137,2009-12-22,21,28,19,25,50,43
1138,2009-12-24,04,25,18,15,36,02
1139,2009-12-26,36,42,37,09,28,31
1140,2009-12-31,49,58,40,46,10,27
1141,2010-01-02,40,09,37,58,50,60
1142,2010-01-06,28,31,15,58,03,26
1143,2010-01-09,35,47,60,44,30,03
1144,2010-01-13,19,10,49,18,01,44
1145,2010-01-16,19,03,60,33,24,16
1146,2010-01-20,10,34,53,33,28,06
1147,2010-01-23,23,39,52,31,06,33
1148,2010-01-27,48,32,29,55,27,28
1149,2010-01-30,46,54,08,36,07,23
1150,2010-02-03,28,17,35,52,31,15
1151,2010-02-06,01,25,04,14,21,51
1152,2010-02-10,47,36,44,29,20,14
1153,2010-02-13,55,46,34,17,19,06
1154,2010-02-17,04,14,21,26,12,28
1155,2010-02-20,28,58,41,40,51,20
1156,2010-02-24,31,49,44,24,09,48
1157,2010-02-27,46,09,43,41,49,29
1158,2010-03-03,23,31,60,55,30,54
1159,2010-03-06,53,46,05,06,34,55
1160,2010-03-10,40,05,03,48,01,18
1161,2010-03-13,48,47,07,04,42,51
1162,2010-03-17,31,25,18,41,22,30
1163,2010-03-20,05,51,31,53,47,17
1164,2010-03-24,17,06,14,40,49,26
1165,2010-03-27,20,52,60,42,54,40
1166,2010-03-31,35,28,54,30,22,31
1167,2010-04-03,43,28,56,20,52,51
1168,2010-04-07,47,20,04,56,53,05
1169,2010-04-10,14,01,11,23,42,48
1170,2010-04-14,46,11,27,34,49,13
1171,2010-04-17,41,03,10,30,57,13
1172,2010-04-20,28,52,06,43,12,56
1173,2010-04-24,07,25,24,36,05,47
1174,2010-04-28,07,52,06,51,47,39
1175,2010-04-30,02,03,12,37,47,16
1176,2010-05-05,21,11,49,14,33,30
1177,2010-05-08,33,52,55,47,38,50
1178,2010-05-12,01,53,22,50,45,30
1179,2010-05-15,59,28,47,60,22,05
1180,2010-05-19,60,12,34,30,44,57
1181,2010-05-22,44,18,45,31,26,20
1182,2010-05-26,52,29,56,60,02,04
1183,2010-05-29,12,05,10,20,29,37
1184,2010-06-02,04,23,27,28,09,30
1185,2010-06-05,54,10,02,43,21,35
1186,2010-06-09,41,12,15,07,13,08
1187,2010-06-12,08,49,43,17,40,19
1188,2010-06-16,60,52,59,09,44,20
1189,2010-06-19,50,21,14,35,31,27
1190,2010-06-23,11,53,56,37,10,19
1191,2010-06-26,25,22,11,16,33,03
1192,2010-06-30,49,17,20,59,57,52
1193,2010-07-03,12,54,02,32,14,09
1194,2010-07-07,24,53,41,06,13,50
1195,2010-07-10,27,17,57,26,55,20
1196,2010-07-14,60,03,20,19,58,06
1197,2010-07-17,39,54,36,37,60,49
1198,2010-07-21,29,22,36,58,41,48
1199,2010-07-24,58,28,23,39,16,19
1200,2010-07-28,10,03,39,54,56,11
1201,2010-07-31,36,32,55,49,60,28
1202,2010-08-04,09,60,11,53,48,08
1203,2010-08-07,55,30,33,09,07,38
1204,2010-08-11,10,25,05,39,52,43
1205,2010-08-14,14,04,26,35,29,13
1206,2010-08-18,02,11,37,36,48,06
1207,2010-08-21,32,35,22,09,56,11
1208,2010-08-25,45,12,01,26,54,20
1209,2010-08-28,30,17,38,14,05,35
1210,2010-09-01,03,07,09,10,31,34
1211,2010-09-04,36,54,03,31,15,48
1212,2010-09-08,35,50,02,23,33,40
1213,2010-09-11,03,53,45,11,34,26
1214,2010-09-15,05,41,29,36,30,48
1215,2010-09-18,47,51,10,50,30,25
1216,2010-09-22,07,25,04,58,13,27
1217,2010-09-25,05,43,28,15,11,50
1218,2010-09-29,33,23,29,46,10,31
1219,2010-10-02,34,37,41,53,02,33
1220,2010-10-06,48,55,52,43,05,15
1221,2010-10-09,46,05,58,37,14,43
1222,2010-10-13,26,19,48,57,05,08
1223,2010-10-16,17,15,48,42,35,47
1224,2010-10-20,41,19,57,53,21,27
1225,2010-10-23,32,55,34,31,50,40
1226,2010-10-27,31,55,56,50,40,10
1227,2010-10-30,35,31,04,30,54,28
1228,2010-11-03,36,10,60,52,50,23
1229,2010-11-06,12,49,60,32,30,40
1230,2010-11-10,37,35,12,22,19,09
1231,2010-11-13,20,27,49,05,23,39
1232,2010-11-17,12,18,15,08,11,22
1233,2010-11-20,49,22,59,29,32,54
1234,2010-11-24,03,05,24,19,30,35
1235,2010-11-27,16,49,55,20,10,26
1236,2010-12-01,17,20,38,08,53,03
1237,2010-12-04,26,21,39,05,18,59
1238,2010-12-08,40,45,24,14,13,39
1239,2010-12-11,15,01,48,37,39,52
1240,2010-12-15,22,42,49,08,12,09
1241,2010-12-18,13,26,25,10,28,45
1242,2010-12-20,54,45,51,11,34,48
1243,2010-12-22,32,19,23,57,09,29
1244,2010-12-24,45,08,34,15,02,25
1245,2010-12-31,34,10,37,50,43,02
1246,2011-01-05,59,10,37,57,40,43
1247,2011-01-08,09,11,24,03,51,36
1248,2011-01-12,20,33,58,34,57,60
1249,2011-01-15,03,40,08,53,51,36
1250,2011-01-19,59,01,02,40,51,24
1251,2011-01-22,48,27,34,52,46,05
1252,2011-01-26,35,02,51,14,49,39
1253,2011-01-29,02,51,17,44,43,23
1254,2011-02-02,09,29,18,07,14,39
1255,2011-02-05,23,05,54,39,38,51
1256,2011-02-09,26,38,33,35,53,43
1257,2011-02-12,27,15,30,52,26,02
1258,2011-02-16,47,26,11,57,59,55
1259,2011-02-19,39,54,58,46,04,06
1260,2011-02-23,19,23,31,53,29,41
1261,2011-02-26,10,41,14,22,53,42
1262,2011-03-02,11,39,09,05,08,07
1263,2011-03-05,41,53,18,04,36,26
1264,2011-03-09,56,17,37,51,04,36
1265,2011-03-12,13,50,46,24,60,19
1266,2011-03-16,39,06,42,10,60,33
1267,2011-03-19,47,58,04,41,20,30
1268,2011-03-23,17,53,60,44,16,03
1269,2011-03-26,51,05,27,04,15,17
1270,2011-03-30,31,33,24,05,42,09
1271,2011-04-02,02,52,39,59,48,01
1272,2011-04-06,28,27,13,35,26,52
1273,2011-04-09,60,26,19,58,13,40
1274,2011-04-13,13,59,21,17,40,39
1275,2011-04-16,58,55,14,02,60,48
1276,2011-04-20,09,40,05,22,36,11
1277,2011-04-23,50,59,18,31,60,12
1278,2011-04-27,04,16,24,56,25,30
1279,2011-04-30,08,29,36,35,14,40
1280,2011-05-04,29,06,54,10,20,16
1281,2011-05-07,36,14,30,38,11,08
1282,2011-05-11,04,39,56,23,52,55
1283,2011-05-14,59,08,60,44,40,30
1284,2011-05-18,26,21,20,36,31,29
1285,2011-05-21,33,10,15,38,31,28
1286,2011-05-25,05,52,02,33,51,28
1287,2011-05-28,33,42,12,31,11,52
1288,2011-06-01,42,32,56,40,30,17
1289,2011-06-04,13,08,27,01,03,52
1290,2011-06-08,14,50,03,23,02,34
1291,2011-06-11,18,57,58,40,47,54
1292,2011-06-15,30,31,23,09,54,11
1293,2011-06-18,24,50,01,44,13,40
1294,2011-06-22,06,50,04,48,29,51
1295,2011-06-25,20,02,43,15,05,57
1296,2011-06-29,49,43,14,10,53,46
1297,2011-07-02,02,56,11,05,59,13
1298,2011-07-06,60,14,53,30,15,55
1299,2011-07-09,56,32,08,22,43,53
1300,2011-07-13,46,43,59,54,44,53
1301,2011-07-16,16,25,03,51,23,56
1302,2011-07-20,44,15,56,02,10,57
1303,2011-07-23,19,51,54,08,52,46
1304,2011-07-27,35,23,15,07,20,14
1305,2011-07-30,44,11,05,46,36,03
1306,2011-08-03,45,06,19,34,43,22
1307,2011-08-06,10,47,54,07,43,32
1308,2011-08-09,24,33,07,30,47,08
1309,2011-08-11,07,12,25,26,32,39
1310,2011-08-13,14,08,53,09,59,32
1311,2011-08-17,54,07,19,12,45,09
1312,2011-08-20,28,30,29,22,20,05
1313,2011-08-24,39,26,49,01,04,43
1314,2011-08-27,42,44,52,58,60,38
1315,2011-08-31,27,29,01,50,52,38
1316,2011-09-03,48,34,25,42,13,08
1317,2011-09-08,35,29,37,13,06,30
1318,2011-09-10,34,46,14,28,11,16
1319,2011-09-14,16,04,18,27,05,51
1320,2011-09-17,38,17,55,41,24,25
1321,2011-09-21,51,59,47,10,60,53
1322,2011-09-24,55,43,21,10,47,53
1323,2011-09-28,25,37,15,06,48,55
1324,2011-10-01,29,44,51,31,18,57
1325,2011-10-05,35,02,20,43,05,16
1326,2011-10-08,30,19,10,18,50,11
1327,2011-10-13,41,35,36,16,52,54
1328,2011-10-15,43,27,59,53,23,10
1329,2011-10-19,43,50,08,07,39,11
1330,2011-10-22,48,08,21,18,49,30
1331,2011-10-26,24,46,39,57,26,09
1332,2011-10-29,05,13,03,24,35,59
1333,2011-11-03,25,51,26,42,28,33
1334,2011-11-05,08,25,27,06,10,01
1335,2011-11-09,49,03,51,20,22,14
1336,2011-11-12,51,54,32,01,38,47
1337,2011-11-16,38,02,45,35,20,51
1338,2011-11-19,19,33,18,43,60,01
1339,2011-11-23,59,10,16,14,07,54
1340,2011-11-26,36,21,13,59,60,30
1341,2011-11-30,11,40,37,20,01,52
1342,2011-12-03,05,60,46,42,50,07
1343,2011-12-07,51,31,42,20,56,19
1344,2011-12-10,19,42,08,36,21,59
1345,2011-12-14,50,40,26,07,19,17
1346,2011-12-17,59,47,32,48,40,12
1347,2011-12-20,19,45,54,56,46,09
1348,2011-12-22,38,45,39,07,12,56
1349,2011-12-24,09,19,20,50,60,51
1350,2011-12-31,04,36,29,55,45,03
1351,2012-01-04,13,50,41,36,56,33
1352,2012-01-07,35,59,36,09,18,24
1353,2012-01-11,47,11,03,27,32,13
1354,2012-01-14,02,42,08,49,48,38
1355,2012-01-18,39,49,11,24,17,46
1356,2012-01-21,21,46,06,22,13,31
1357,2012-01-25,55,52,26,19,01,24
1358,2012-01-28,16,15,37,03,35,47
1359,2012-02-01,12,17,28,53,06,10
1360,2012-02-04,50,25,17,16,54,02
1361,2012-02-08,37,27,44,30,38,23
1362,2012-02-11,58,19,12,22,02,36
1363,2012-02-15,52,25,42,45,35,57
1364,2012-02-18,20,13,40,10,53,44
1365,2012-02-22,50,35,32,26,02,24
1366,2012-02-25,59,44,54,37,27,12
1367,2012-03-01,38,29,43,13,07,02
1368,2012-03-03,10,26,29,38,32,21
1369,2012-03-07,32,24,16,38,05,46
1370,2012-03-10,02,27,59,49,04,05
1371,2012-03-14,47,11,08,49,03,04
1372,2012-03-17,46,60,58,36,40,03
1373,2012-03-21,52,39,07,27,55,57
1374,2012-03-24,21,33,28,31,43,06
1375,2012-03-28,25,28,53,45,14,58
1376,2012-03-31,53,49,21,11,54,09
1377,2012-04-04,25,05,13,12,35,02
1378,2012-04-07,18,17,59,02,54,05
1379,2012-04-11,45,05,36,12,50,58
1380,2012-04-14,52,14,03,60,57,55
1381,2012-04-18,44,30,27,11,40,57
1382,2012-04-20,17,27,55,13,05,16
1383,2012-04-25,09,55,23,44,07,46
1384,2012-04-28,56,18,31,02,30,45
1385,2012-05-02,42,37,35,27,59,36
1386,2012-05-05,39,56,28,12,51,38
1387,2012-05-09,43,27,18,52,50,32
1388,2012-05-12,54,31,50,43,29,22
1389,2012-05-16,01,44,39,16,57,28
1390,2012-05-19,29,27,19,04,28,31
1391,2012-05-23,19,07,12,34,53,40
1392,2012-05-26,43,08,02,28,33,12
1393,2012-05-30,44,28,18,24,04,39
1394,2012-06-02,11,35,16,46,24,50
1395,2012-06-06,05,44,11,19,17,48
1396,2012-06-09,52,48,54,58,55,29
1397,2012-06-13,15,56,03,27,04,07
1398,2012-06-16,42,51,14,40,32,33
1399,2012-06-20,39,43,60,57,34,56
1400,2012-06-23,34,26,09,43,54,53
1401,2012-06-27,12,11,54,33,48,25
1402,2012-06-30,38,10,27,02,21,09
1403,2012-07-04,16,39,13,26,42,20
1404,2012-07-07,07,32,31,51,27,08
1405,2012-07-11,14,17,32,37,39,03
1406,2012-07-14,07,10,38,17,24,57
1407,2012-07-18,53,42,31,43,29,18
1408,2012-07-21,43,39,20,19,24,04
1409,2012-07-25,50,06,47,58,26,19
1410,2012-07-28,54,29,18,42,40,50
1411,2012-08-01,32,44,12,08,48,46
1412,2012-08-04,06,08,37,24,45,41
1413,2012-08-07,54,33,13,55,45,15
1414,2012-08-09,44,49,57,37,21,46
1415,2012-08-11,51,49,46,40,36,26
1416,2012-08-15,49,03,19,35,22,24
1417,2012-08-18,12,56,05,52,45,59
1418,2012-08-22,07,08,10,27,12,56
1419,2012-08-25,52,21,48,58,30,17
1420,2012-08-29,45,16,18,11,36,02
1421,2012-09-01,31,39,59,19,53,44
1422,2012-09-05,17,44,02,05,13,39
1423,2012-09-08,43,08,21,27,03,25
1424,2012-09-12,60,38,29,03,07,15
1425,2012-09-15,07,29,50,16,38,36
1426,2012-09-19,24,44,06,15,18,30
1427,2012-09-22,47,44,53,56,08,39
1428,2012-09-26,15,55,37,34,19,07
1429,2012-09-29,09,22,60,48,12,39
1430,2012-10-03,19,02,30,46,22,52
1431,2012-10-06,33,54,40,05,09,13
1432,2012-10-10,16,24,25,45,59,42
1433,2012-10-13,14,46,40,13,04,52
1434,2012-10-17,03,34,58,22,18,55
1435,2012-10-20,45,47,50,52,15,04
1436,2012-10-24,01,23,13,30,24,57
1437,2012-10-27,48,37,26,22,38,23
1438,2012-10-31,49,07,33,31,36,14
1439,2012-11-03,35,55,02,43,34,42
1440,2012-11-07,06,28,56,02,36,51
1441,2012-11-10,56,29,53,36,38,17
1442,2012-11-14,12,20,13,49,34,30
1443,2012-11-17,52,32,12,54,20,48
1444,2012-11-21,02,05,55,28,27,48
1445,2012-11-24,41,32,19,58,05,49
1446,2012-11-28,13,32,06,51,40,24
1447,2012-12-01,01,41,28,33,39,19
1448,2012-12-05,25,29,36,01,56,60
1449,2012-12-08,02,18,30,56,52,06
1450,2012-12-12,27,45,44,26,38,31
1451,2012-12-15,57,10,33,02,11,52
1452,2012-12-18,50,57,58,28,02,14
1453,2012-12-20,47,32,25,57,06,13
1454,2012-12-22,27,52,41,29,04,48
1455,2012-12-31,33,14,52,36,32,41
1456,2013-01-02,36,06,40,14,08,26
1457,2013-01-05,34,16,46,15,42,59
1458,2013-01-09,02,16,04,44,33,51
1459,2013-01-12,02,06,35,30,52,34
1460,2013-01-16,50,52,14,04,27,38
1461,2013-01-19,44,31,49,54,36,47
1462,2013-01-23,05,09,25,40,38,27
1463,2013-01-26,40,22,13,29,48,28
1464,2013-01-30,59,02,54,32,24,50
1465,2013-02-02,11,06,53,44,16,26
1466,2013-02-06,04,13,51,37,06,34
1467,2013-02-09,41,53,26,23,52,24
1468,2013-02-13,02,20,37,19,01,10
1469,2013-02-16,04,56,54,13,35,58
1470,2013-02-20,02,34,51,36,38,55
1471,2013-02-23,58,33,36,40,25,10
1472,2013-02-27,12,23,25,18,45,50
1473,2013-03-02,60,12,57,58,33,02
1474,2013-03-06,02,43,11,01,03,28
1475,2013-03-09,13,12,51,37,48,44
1476,2013-03-13,26,10,04,37,47,57
1477,2013-03-16,50,59,56,46,03,04
1478,2013-03-20,10,40,27,47,55,37
1479,2013-03-23,57,21,54,48,50,60
1480,2013-03-27,09,14,26,36,52,21
1481,2013-03-30,40,27,55,17,28,44
1482,2013-04-03,11,09,06,34,41,53
1483,2013-04-06,55,53,01,35,56,39
1484,2013-04-10,49,29,17,53,20,24
1485,2013-04-13,30,59,27,36,04,54
1486,2013-04-17,10,01,34,54,06,40
1487,2013-04-20,04,17,23,28,09,53
1488,2013-04-24,04,51,45,22,38,25
1489,2013-04-27,48,15,24,28,01,26
1490,2013-05-02,31,32,43,03,52,01
1491,2013-05-04,56,06,45,60,26,50
1492,2013-05-08,48,44,46,04,18,09
1493,2013-05-11,30,24,12,49,07,27
1494,2013-05-15,50,28,35,24,02,14
1495,2013-05-18,13,49,04,44,14,57
1496,2013-05-22,28,18,41,54,14,47
1497,2013-05-25,58,07,27,45,04,05
1498,2013-05-29,11,46,27,49,06,40
1499,2013-06-01,26,37,08,22,54,33
1500,2013-06-05,57,43,18,59,10,31
1501,2013-06-08,13,37,54,07,29,01
1502,2013-06-12,06,43,22,52,57,51
1503,2013-06-15,36,22,42,03,16,04
1504,2013-06-19,41,02,42,30,12,10
1505,2013-06-22,32,01,06,09,16,02
1506,2013-06-26,49,34,42,18,03,14
1507,2013-06-29,46,24,51,50,56,52
1508,2013-07-03,58,39,18,17,35,30
1509,2013-07-06,27,51,01,46,59,06
1510,2013-07-10,01,08,44,17,46,53
1511,2013-07-13,08,29,31,04,17,45
1512,2013-07-17,35,11,28,46,42,58
1513,2013-07-20,31,57,17,56,28,58
1514,2013-07-24,23,16,17,59,42,60
1515,2013-07-27,59,49,13,18,04,14
1516,2013-07-31,34,60,18,45,04,20
1517,2013-08-03,45,38,52,17,07,56
1518,2013-08-06,28,08,55,41,48,09
1519,2013-08-08,06,23,56,15,05,59
1520,2013-08-10,36,46,48,31,07,35
1521,2013-08-14,18,30,14,11,33,39
1522,2013-08-17,33,05,23,32,08,56
1523,2013-08-21,25,39,44,41,31,22
1524,2013-08-24,40,53,12,46,02,52
1525,2013-08-28,30,46,35,54,26,02
1526,2013-08-31,51,47,28,10,59,16
1527,2013-09-04,32,44,42,48,16,36
1528,2013-09-06,04,13,58,36,19,15
1529,2013-09-11,35,17,15,34,49,11
1530,2013-09-14,53,10,28,16,48,33
1531,2013-09-18,24,41,12,42,44,13
1532,2013-09-21,42,02,11,23,31,44
1533,2013-09-25,29,21,47,57,13,34
1534,2013-09-28,28,12,34,29,01,48
1535,2013-10-02,55,25,09,08,54,41
1536,2013-10-05,18,32,29,13,50,58
1537,2013-10-09,06,56,33,50,51,10
1538,2013-10-11,35,52,27,53,57,23
1539,2013-10-16,10,49,08,58,20,26
1540,2013-10-19,54,47,27,17,03,32
1541,2013-10-23,37,05,24,44,49,58
1542,2013-10-26,07,12,57,11,30,39
1543,2013-10-30,30,07,23,20,15,41
1544,2013-11-01,30,50,45,02,35,21
1545,2013-11-06,06,48,11,45,04,24
1546,2013-11-09,38,44,17,60,04,53
1547,2013-11-13,28,21,09,10,02,18
1548,2013-11-16,44,41,42,54,47,19
1549,2013-11-20,32,53,16,20,12,10
1550,2013-11-23,21,56,36,09,13,27
1551,2013-11-27,02,23,38,15,21,19
1552,2013-11-30,07,18,26,46,39,24
1553,2013-12-04,29,21,20,46,22,60
1554,2013-12-07,30,52,50,49,53,32
1555,2013-12-11,05,52,59,02,33,23
1556,2013-12-14,07,52,11,10,01,04
1557,2013-12-17,46,18,16,45,31,04
1558,2013-12-19,31,42,15,07,17,54
1559,2013-12-21,37,58,12,29,08,16
1560,2013-12-31,30,47,53,38,20,36
1561,2014-01-02,28,26,54,55,23,60
1562,2014-01-04,12,10,51,37,23,47
1563,2014-01-09,43,36,01,20,13,06
1564,2014-01-11,54,44,38,25,46,53
1565,2014-01-15,43,41,37,51,18,39
1566,2014-01-18,11,32,60,05,06,36
1567,2014-01-22,53,38,30,02,15,48
1568,2014-01-25,28,58,19,24,42,25
1569,2014-01-29,42,15,18,31,05,53
1570,2014-02-01,18,46,42,15,56,24
1571,2014-02-05,46,60,55,32,03,29
1572,2014-02-08,46,42,27,45,20,47
1573,2014-02-12,07,16,36,35,38,21
1574,2014-02-15,06,28,33,48,46,27
1575,2014-02-19,01,05,04,45,14,56
1576,2014-02-22,26,30,21,15,13,46
1577,2014-02-26,25,32,11,59,51,14
1578,2014-03-01,06,53,56,30,37,03
1579,2014-03-05,34,25,40,51,60,49
1580,2014-03-08,01,06,14,17,33,36
1581,2014-03-12,31,34,15,14,25,30
1582,2014-03-15,04,17,01,48,13,38
1583,2014-03-19,18,02,09,47,17,45
1584,2014-03-22,27,54,28,50,22,03
1585,2014-03-26,55,47,43,48,49,02
1586,2014-03-29,47,58,08,43,39,46
1587,2014-04-02,08,21,19,30,52,56
1588,2014-04-05,36,29,23,49,32,45
1589,2014-04-09,11,41,51,05,19,04
1590,2014-04-12,40,07,44,55,34,20
1591,2014-04-16,04,23,55,10,38,33
1592,2014-04-19,41,49,36,42,31,38
1593,2014-04-23,04,17,38,09,18,21
1594,2014-04-26,53,43,23,06,07,08
1595,2014-04-30,59,05,42,08,46,02
1596,2014-05-03,05,12,01,07,45,10
1597,2014-05-07,16,52,05,44,10,50
1598,2014-05-10,36,47,42,29,53,31
1599,2014-05-14,35,10,15,58,36,03
1600,2014-05-17,09,46,23,32,35,57
1601,2014-05-21,60,24,56,45,10,08
1602,2014-05-24,08,44,40,35,22,12
1603,2014-05-28,13,53,20,31,60,27
1604,2014-05-31,21,40,51,27,24,02
1605,2014-06-04,42,30,09,19,31,21
1606,2014-06-07,54,01,15,37,46,42
1607,2014-06-11,32,41,51,07,31,52
1608,2014-06-14,06,43,17,05,54,59
1609,2014-06-18,02,26,06,13,53,60
1610,2014-06-21,36,53,35,09,01,04
1611,2014-06-25,24,51,50,28,58,47
1612,2014-06-28,17,51,36,06,42,13
1613,2014-07-02,31,18,04,46,44,49
1614,2014-07-05,49,27,43,17,14,21
1615,2014-07-09,26,20,05,44,33,31
1616,2014-07-12,46,40,58,31,28,42
1617,2014-07-16,23,31,47,54,03,26
1618,2014-07-19,09,51,20,24,52,43
1619,2014-07-23,46,17,05,42,47,08
1620,2014-07-26,57,23,38,13,34,27
1621,2014-07-30,24,22,38,49,10,39
1622,2014-08-02,21,07,05,53,45,04
1623,2014-08-05,33,56,59,43,50,49
1624,2014-08-07,32,02,27,47,58,41
1625,2014-08-09,45,11,22,52,36,40
1626,2014-08-13,03,52,05,43,35,14
1627,2014-08-16,26,57,20,32,45,41
1628,2014-08-20,38,26,60,34,29,50
1629,2014-08-23,47,20,35,04,59,24
1630,2014-08-27,30,43,07,44,01,54
1631,2014-08-30,47,48,44,60,04,29
1632,2014-09-03,18,56,27,06,24,59
1633,2014-09-06,02,11,49,13,36,01
1634,2014-09-10,44,09,33,10,23,51
1635,2014-09-13,30,32,51,08,28,23
1636,2014-09-17,33,19,52,51,35,26
1637,2014-09-20,05,56,24,55,01,47
1638,2014-09-24,38,02,42,58,41,01
1639,2014-09-27,35,51,34,49,16,29
1640,2014-10-01,06,18,46,23,31,02
1641,2014-10-04,51,30,29,33,46,23
1642,2014-10-08,47,03,43,42,60,23
1643,2014-10-11,19,20,16,60,28,37
1644,2014-10-15,10,16,34,13,60,22
1645,2014-10-18,31,37,21,38,08,18
1646,2014-10-22,34,23,41,19,40,58
1647,2014-10-25,38,54,23,12,17,53
1648,2014-10-29,48,18,15,22,20,16
1649,2014-11-01,54,33,24,44,38,42
1650,2014-11-05,23,57,29,17,60,38
1651,2014-11-08,27,44,08,35,38,41
1652,2014-11-12,44,28,24,57,07,26
1653,2014-11-14,45,22,27,21,01,32
1654,2014-11-19,50,33,42,07,58,16
1655,2014-11-22,56,46,07,24,28,53
1656,2014-11-26,06,04,43,54,56,11
1657,2014-11-29,10,54,37,45,14,07
1658,2014-12-03,07,40,19,49,11,23
1659,2014-12-06,20,33,37,49,04,10
1660,2014-12-10,17,38,42,51,34,08
1661,2014-12-13,16,48,43,27,58,13
1662,2014-12-17,57,10,25,14,33,29
1663,2014-12-20,20,27,49,40,55,18
1664,2014-12-24,48,08,21,36,23,29
1665,2014-12-31,20,11,16,01,56,05
1666,2015-01-03,51,27,01,23,45,02
1667,2015-01-07,51,24,56,07,12,44
1668,2015-01-10,47,40,55,57,52,05
1669,2015-01-14,29,28,31,48,45,49
1670,2015-01-17,01,33,30,17,47,19
1671,2015-01-21,21,31,56,55,45,27
1672,2015-01-24,20,10,01,05,42,03
1673,2015-01-28,35,10,47,05,24,23
1674,2015-01-31,42,59,30,58,50,22
1675,2015-02-04,36,03,35,56,18,34
1676,2015-02-07,02,01,37,51,48,11
1677,2015-02-11,52,33,15,28,51,10
1678,2015-02-14,35,52,17,19,09,11
1679,2015-02-18,28,02,01,46,27,47
1680,2015-02-21,37,46,47,51,23,38
1681,2015-02-25,01,33,08,11,06,50
1682,2015-02-28,13,39,51,37,35,07
1683,2015-03-04,48,04,12,34,32,33
1684,2015-03-07,09,12,31,50,18,39
1685,2015-03-11,39,46,18,51,31,03
1686,2015-03-14,44,37,09,55,14,46
1687,2015-03-18,15,58,24,37,46,49
1688,2015-03-21,18,23,42,56,32,30
1689,2015-03-25,41,02,53,05,13,27
1690,2015-03-28,24,45,53,35,26,21
1691,2015-04-01,39,45,58,10,01,24
1692,2015-04-04,44,56,13,14,27,11
1693,2015-04-08,19,18,38,05,21,15
1694,2015-04-11,34,29,20,37,57,45
1695,2015-04-15,36,43,38,24,58,44
1696,2015-04-18,12,01,31,37,17,46
1697,2015-04-22,08,30,23,51,53,58
1698,2015-04-25,24,44,28,13,45,11
1699,2015-04-29,01,10,30,33,38,06
1700,2015-05-02,58,41,48,50,15,18
1701,2015-05-05,09,03,18,40,32,56
1702,2015-05-07,39,52,17,35,19,33
1703,2015-05-09,49,03,35,39,23,26
1704,2015-05-13,11,07,59,51,32,01
1705,2015-05-16,50,37,51,27,29,25
1706,2015-05-20,12,31,34,48,36,56
1707,2015-05-23,36,27,20,07,16,52
1708,2015-05-27,38,50,29,45,17,32
1709,2015-05-30,30,07,47,35,19,42
1710,2015-06-03,59,56,07,28,21,58
1711,2015-06-06,38,22,50,45,26,39
1712,2015-06-10,50,19,59,02,29,12
1713,2015-06-13,03,29,10,16,23,27
1714,2015-06-17,51,02,24,52,36,08
1715,2015-06-20,20,16,35,40,60,53
1716,2015-06-24,25,36,02,53,42,41
1717,2015-06-27,09,58,16,44,02,37
1718,2015-07-01,30,53,04,31,47,32
1719,2015-07-04,44,22,31,54,34,01
1720,2015-07-07,49,39,18,31,57,23
1721,2015-07-09,12,33,04,38,36,19
1722,2015-07-11,41,39,09,49,23,58
1723,2015-07-15,27,60,30,14,46,52
1724,2015-07-18,27,39,37,58,60,33
1725,2015-07-22,26,31,30,18,16,34
1726,2015-07-25,42,54,57,03,49,10
1727,2015-07-29,04,06,41,40,19,20
1728,2015-08-01,28,39,08,59,42,03
1729,2015-08-04,53,14,44,07,23,43
1730,2015-08-06,01,24,10,17,42,51
1731,2015-08-08,59,49,43,05,27,18
1732,2015-08-12,25,60,34,53,45,38
1733,2015-08-15,05,09,41,14,03,46
1734,2015-08-19,52,29,17,41,12,25
1735,2015-08-22,46,16,33,45,34,06
1736,2015-08-26,13,32,12,41,24,29
1737,2015-08-29,59,05,51,42,50,08
1738,2015-09-02,53,46,28,48,37,12
1739,2015-09-05,34,17,09,46,10,32
1740,2015-09-09,38,15,47,25,10,53
1741,2015-09-12,49,18,20,32,15,48
1742,2015-09-16,23,27,21,19,52,11
1743,2015-09-19,34,31,29,04,10,35
1744,2015-09-23,12,09,56,29,14,42
1745,2015-09-26,13,47,60,18,52,09
1746,2015-09-30,37,40,06,58,41,18
1747,2015-10-03,53,34,59,33,48,06
1748,2015-10-07,02,53,13,49,10,41
1749,2015-10-10,33,13,14,03,43,29
1750,2015-10-13,17,41,48,15,20,31
1751,2015-10-15,42,22,51,23,57,15
1752,2015-10-17,36,53,55,37,60,09
1753,2015-10-21,54,08,45,29,35,15
1754,2015-10-24,20,31,40,30,27,53
1755,2015-10-28,48,05,30,18,08,02
1756,2015-10-31,28,13,06,14,45,35
1757,2015-11-04,43,13,28,56,37,25
1758,2015-11-07,06,23,16,11,42,36
1759,2015-11-10,02,14,21,60,22,51
1760,2015-11-13,25,10,24,47,48,36
1761,2015-11-14,53,36,10,09,50,55
1762,2015-11-18,45,59,42,55,32,26
1763,2015-11-21,21,09,15,36,12,31
1764,2015-11-25,06,07,41,39,29,55
1765,2015-11-28,01,28,56,37,06,58
1766,2015-12-02,60,23,22,46,53,41
1767,2015-12-05,44,26,39,35,16,45
1768,2015-12-09,35,11,07,50,34,05
1769,2015-12-12,32,44,54,60,47,37
1770,2015-12-16,34,30,41,11,27,26
1771,2015-12-19,38,02,27,28,32,20
1772,2015-12-22,27,39,19,41,12,45
1773,2015-12-24,45,41,39,30,15,59
1774,2015-12-26,01,52,30,60,20,12
1775,2015-12-31,31,02,51,42,18,56
1776,2016-01-02,39,11,48,14,19,10
1777,2016-01-06,55,04,44,38,19,52
1778,2016-01-09,04,38,48,10,45,40
1779,2016-01-12,25,56,30,12,39,57
1780,2016-01-14,20,06,33,22,31,34
1781,2016-01-16,22,08,52,01,53,49
1782,2016-01-20,34,57,47,18,06,52
1783,2016-01-23,38,16,21,04,18,06
1784,2016-01-27,30,15,54,55,26,04
1785,2016-01-30,27,05,42,54,41,11
1786,2016-02-02,34,08,02,21,25,06
1787,2016-02-04,01,29,13,25,05,26
1788,2016-02-06,42,45,56,13,03,59
1789,2016-02-10,57,59,06,25,43,58
1790,2016-02-13,28,13,11,26,50,27
1791,2016-02-17,55,12,50,18,53,46
1792,2016-02-20,47,41,18,17,02,16
1793,2016-02-24,56,13,22,54,14,58
1794,2016-02-27,01,05,37,60,34,40
1795,2016-03-02,55,50,42,58,47,30
1796,2016-03-05,54,22,48,34,23,53
1797,2016-03-08,02,57,35,13,54,14
1798,2016-03-10,09,28,45,02,23,53
1799,2016-03-12,53,01,03,04,51,39
1800,2016-03-16,31,56,16,06,11,19
1801,2016-03-19,19,45,43,06,54,34
1802,2016-03-23,06,14,02,17,44,13
1803,2016-03-26,04,29,08,49,38,50
1804,2016-03-30,20,50,48,59,28,21
1805,2016-04-02,17,49,27,22,57,31
1806,2016-04-06,11,42,55,58,35,20
1807,2016-04-09,43,15,22,01,16,25
1808,2016-04-13,20,25,45,02,41,14
1809,2016-04-16,23,12,54,46,09,24
1810,2016-04-20,56,10,43,50,01,25
1811,2016-04-23,32,37,05,35,17,57
1812,2016-04-27,45,34,23,20,37,32
1813,2016-04-30,51,09,13,15,19,11
1814,2016-05-03,53,51,27,11,46,09
1815,2016-05-05,60,08,25,39,41,11
1816,2016-05-07,12,10,46,28,22,05
1817,2016-05-11,47,01,26,55,39,04
1818,2016-05-14,10,53,15,02,06,56
1819,2016-05-18,37,26,18,30,33,17
1820,2016-05-21,27,19,23,03,45,40
1821,2016-05-25,53,31,19,52,36,22
1822,2016-05-28,22,53,26,01,43,50
1823,2016-06-01,54,34,59,21,09,04
1824,2016-06-04,19,30,60,12,06,05
1825,2016-06-07,21,54,10,50,51,11
1826,2016-06-09,43,48,32,19,17,51
1827,2016-06-11,43,33,53,26,54,42
1828,2016-06-15,40,32,11,06,59,48
1829,2016-06-18,53,32,30,07,24,13
1830,2016-06-22,29,03,54,07,37,60
1831,2016-06-25,55,15,48,32,28,27
1832,2016-06-29,34,47,57,56,14,46
1833,2016-07-02,02,42,03,27,16,07
1834,2016-07-06,02,22,51,24,48,17
1835,2016-07-09,50,36,08,28,47,58
1836,2016-07-12,59,18,45,60,08,15
1837,2016-07-14,41,48,57,50,44,54
1838,2016-07-16,59,24,30,08,57,05
1839,2016-07-20,28,32,22,56,58,07
1840,2016-07-23,33,41,48,15,17,47
1841,2016-07-27,06,51,13,38,49,03
1842,2016-07-30,18,43,22,24,16,34
1843,2016-08-03,28,26,33,41,08,54
1844,2016-08-06,04,03,37,39,48,50
1845,2016-08-09,09,03,29,13,30,51
1846,2016-08-11,49,26,30,34,24,06
1847,2016-08-13,45,01,57,49,50,06
1848,2016-08-17,58,41,50,40,09,55
1849,2016-08-20,35,27,03,11,44,05
1850,2016-08-24,24,32,23,40,41,38
1851,2016-08-27,35,22,08,37,21,18
1852,2016-08-31,29,13,49,50,45,17
1853,2016-09-03,02,41,39,01,34,45
1854,2016-09-08,59,30,43,31,34,25
1855,2016-09-10,06,38,24,39,15,10
1856,2016-09-14,14,09,02,32,22,37
1857,2016-09-17,53,35,52,25,23,13
1858,2016-09-20,55,30,28,59,33,22
1859,2016-09-22,13,26,01,21,14,51
1860,2016-09-24,10,40,30,44,36,60
1861,2016-09-28,45,09,60,02,35,04
1862,2016-10-01,08,49,35,42,56,02
1863,2016-10-05,23,45,16,58,59,56
1864,2016-10-08,05,04,37,40,60,14
1865,2016-10-13,42,05,32,37,01,31
1866,2016-10-15,14,36,60,38,17,44
1867,2016-10-18,03,43,21,17,22,10
1868,2016-10-20,25,05,31,01,28,23
1869,2016-10-22,11,26,24,52,40,23
1870,2016-10-26,30,40,33,18,20,32
1871,2016-10-29,17,58,33,52,11,03
1872,2016-11-03,39,11,56,46,13,25
1873,2016-11-05,25,05,53,28,41,54
1874,2016-11-08,43,28,10,37,47,44
1875,2016-11-10,53,45,47,01,52,55
1876,2016-11-12,07,18,51,41,44,39
1877,2016-11-16,35,13,32,16,24,23
1878,2016-11-19,56,26,40,16,57,12
1879,2016-11-23,20,58,10,59,57,05
1880,2016-11-26,19,51,56,16,05,37
1881,2016-11-30,30,10,53,44,03,56
1882,2016-12-03,41,35,37,10,19,09